word,len
archived,262
retrieved,257
original,256
2022,238
cryptocurrency,237
bitcoin,231
2021,181
2018,157
march,117
january,102
cryptocurrencies,99
crypto,94
june,93
2023,79
october,78
april,73
february,70
2020,68
september,63
december,58
november,58
july,57
august,57
2017,53
blockchain,51
digital,50
have,47
mining,46
2024,44
market,41
exchange,39
pdf,39
bank,38
transaction,37
times,37
2019,34
other,34
assets,33
more,32
network,31
2014,31
energy,28
million,28
first,28
regulation,27
transactions,27
after,27
exchanges,26
markets,25
legal,25
system,25
price,25
miners,25
currencies,23
bitcoin's,23
2025,23
issn,23
virtual,23
value,23
the,22
electricity,22
ethereum,21
says,21
york,21
2013,21
bubble,21
billion,21
south,21
cnbc,21
laundering,21
according,20
technology,20
through,19
2015,19
united,19
report,19
china,19
news,19
using,19
power,19
journal,19
wallet,19
some,19
bloomberg,19
international,18
data,18
fraud,18
ledger,17
regulatory,17
government,17
crypto-assets,17
reuters,17
most,16
trading,16
said,16
tokens,16
states,16
coin,16
will,16
there,16
articles,16
asset,15
article,15
scheme,15
main,15
services,15
investors,15
could,15
example,15
over,15
securities,15
gold,14
u.s,14
like,14
block,14
information,14
worth,14
business,14
stablecoins,14
investment,14
distributed,14
global,14
history,14
blockchains,14
what,14
s2cid,14
proof-of-work,14
about,14
fees,14
2016,14
however,14
while,13
world,13
decentralized,13
review,13
cryptographic,13
service,13
between,13
analysis,13
isbn,13
university,13
these,13
currency,13
them,13
companies,13
systems,12
street,12
proof,12
called,12
finance,12
reported,12
economics,12
electronic,12
risk,12
many,12
paper,12
cryptography,12
list,12
hash,12
wall,12
being,12
lost,12
david,11
banking,11
illegal,11
where,11
company,11
based,11
when,11
banned,11
economic,11
cash,11
needed,11
make,11
token,11
only,11
order,11
authority,10
since,10
initial,10
created,10
users,10
security,10
another,10
regulators,10
related,10
including,10
means,10
founder,10
bitcoins,10
regulations,10
announced,10
coins,10
illicit,10
framework,10
american,10
ownership,10
function,10
become,10
legislation,10
privacy,10
forbes,10
crime,10
physical,10
national,10
funds,10
rewards,9
renewable,9
usage,9
published,9
units,9
offerings,9
software,9
public,9
study,9
potential,9
trade,9
number,9
compared,9
without,9
amount,9
early,9
high,9
country,9
sanctions,9
industry,9
toggle,9
center,9
islands,9
often,9
work,9
wikipedia,9
cook,9
european,9
korea,9
policy,9
citation,9
against,9
protocol,9
link,8
commission,8
year,8
countries,8
korean,8
estimated,8
risks,8
wayback,8
bibcode,8
private,8
increase,8
hold,8
activity,8
institutions,8
capital,8
allowed,8
sources,8
evade,8
need,8
consensus,8
india,8
described,8
include,8
offer,8
node,8
salvador,8
proof-of-stake,8
computer,8
concerns,8
computing,8
search,8
2026,8
associated,8
switzerland,8
state,8
found,8
schemes,8
bill,8
total,8
machine,8
russia,8
carbon,8
also,8
time,8
0362-4331,8
offering,8
federal,8
statements,8
under,8
english,7
cryptoassets,7
beyond,7
part,7
traditional,7
required,7
unregulated,7
ieee,7
added,7
years,7
still,7
bankman-fried,7
john,7
executive,7
same,7
various,7
rate,7
anonymous,7
nakamoto,7
source,7
known,7
terms,7
hack,7
environmental,7
treasury,7
cardano,7
agencies,7
standard,7
stolen,7
scams,7
development,7
africa,7
crackdown,7
donations,7
your,7
providers,7
problem,7
open,7
help,7
access,7
fell,7
tender,7
might,7
firms,7
satoshi,7
money,7
control,7
least,7
people,7
significant,7
fortune,7
enforcement,7
bankruptcy,7
largest,7
popular,7
2011,7
hardware,7
subsection,7
research,7
paul,7
account,7
economy,6
rather,6
bans,6
later,6
reward,6
fatf,6
different,6
legality,6
create,6
timestamping,6
increased,6
collapse,6
became,6
possible,6
it's,6
department,6
mica,6
theft,6
altcoins,6
fund,6
white,6
comprehensive,6
bloomberg.com,6
uses,6
databases,6
portal,6
nodes,6
annual,6
chainalysis,6
guidance,6
keys,6
following,6
requires,6
before,6
form,6
force,6
dogecoin,6
several,6
much,6
guidelines,6
made,6
loss,6
requirements,6
emissions,6
nfts,6
prices,6
operations,6
how,6
wallets,6
whether,6
commons,6
almost,6
idea,6
transfers,6
available,6
prison,6
vasps,6
applications,6
payment,6
dollars,6
must,6
issued,6
allow,6
technological,6
unsourced,6
costs,6
conference,6
group,6
theory,6
general,6
current,6
adoption,5
accounts,5
oxford,5
criminal,5
does,5
texas,5
activities,5
pyramid,5
traded,5
management,5
difficult,5
stated,5
secure,5
followed,5
four,5
kingdom,5
coinbase,5
hackers,5
customer,5
cards,5
memecoins,5
versions,5
michael,5
status,5
algorithms,5
released,5
both,5
provide,5
reserve,5
large,5
litecoin,5
concluded,5
identity,5
strategy,5
week,5
president,5
home,5
place,5
page,5
further,5
safety,5
standards,5
demand,5
stake,5
links,5
mania,5
court,5
three,5
consumption,5
stock,5
losses,5
fall,5
therefore,5
accepting,5
type,5
impact,5
studies,5
holdings,5
polkadot,5
applied,5
dictionary,5
nvidia,5
either,5
changes,5
trump,5
wash,5
1,5
jordan,5
around,5
within,5
chris,5
solana,5
dark,5
stable,5
supply,5
which,5
well,5
andrew,5
makes,5
darknet,5
move,5
majority,5
support,5
address,5
working,5
responsible,5
warnings,5
those,5
category,5
pages,5
house,5
richard,5
jurisdictions,5
roger,5
guardian,5
rise,5
unicef,5
-based,5
selling,5
view,5
banks,5
sha-256,5
terra,5
effect,5
tools,5
short,5
similar,5
considered,5
model,5
case,5
process,4
warren,4
volume,4
platform,4
claimed,4
behind,4
formal,4
ever,4
browne,4
platforms,4
criticism,4
academic,4
present,4
2009,4
down,4
maint,4
marketplace,4
complex,4
suggests,4
equipment,4
trends,4
ryan,4
registered,4
nathaniel,4
atms,4
upon,4
previous,4
others,4
cease,4
biggest,4
deposit,4
evasion,4
then,4
alex,4
mark,4
thomas,4
regulated,4
sentenced,4
watchdog,4
alternative,4
during,4
technical,4
non-fungible,4
regulator,4
graphics,4
should,4
revenue,4
prize,4
monero,4
identified,4
validate,4
drug,4
posed,4
use,4
clients,4
buying,4
ransomware,4
friedrich,4
legitimate,4
commodity,4
nearly,4
invest,4
sold,4
road,4
approach,4
world's,4
defines,4
capitalization,4
interest,4
scrypt,4
atomic,4
designed,4
gpus,4
references,4
chaum,4
swaps,4
consumer,4
change,4
trades,4
russian,4
validation,4
turkey,4
hayek,4
contents,4
owner,4
congress,4
garza,4
suggested,4
sometimes,4
file,4
french,4
even,4
blocks,4
chips,4
innovation,4
factors,4
internet,4
social,4
footprint,4
twitter,4
code,4
transfer,4
section,4
card,4
stablecoin,4
dimon,4
financing,4
conduct,4
soon,4
developed,4
volatility,4
gamers,4
sidebar,4
issue,4
jamie,4
losing,4
come,4
chinese,4
because,4
banker,4
contract,4
hide,4
sustainable,4
settlements,4
making,4
warns,4
takes,4
venmo,4
allows,4
tether,4
accelerator,4
inflation,4
morgan,4
comes,4
fiat,4
comparative,4
media,4
major,4
customers,4
untraceable,4
effects,4
party,4
online,4
ether,4
organization,4
stored,4
popper,4
nano,4
technologies,4
generating,4
proposed,4
2012,4
2,4
silk,4
project,4
investor,4
researchers,4
declared,4
cryptocurrency's,4
krugman,4
months,4
indian,4
certain,4
potentially,4
circulation,4
share,4
law,4
nobel,4
upgrade,4
numismatic,4
underlying,4
crash,4
encryption,4
insider,4
accept,4
tons,4
arxiv,4
great,4
real,4
additional,4
containing,4
mechanism,4
architecture,4
canada,4
typically,4
verification,3
right,3
measures,3
lack,3
2008,3
artificially,3
maintained,3
pressure,3
operated,3
entire,3
notice,3
binance,3
storing,3
issues,3
cite,3
rule,3
holder,3
remittances,3
relaying,3
unit,3
library,3
external,3
near,3
term,3
property,3
trusted,3
www.justice.gov,3
crypto-currency,3
held,3
looking,3
speculation,3
usually,3
society,3
why,3
consequently,3
criminals,3
staking,3
not,3
index,3
today,3
numerous,3
lowest,3
free,3
routing,3
linked,3
cryptocurrency-based,3
seed,3
historical,3
3,3
recent,3
consider,3
investments,3
regions,3
result,3
protect,3
jack,3
cryptographically,3
cents,3
prosecutors,3
defined,3
hosting,3
foundation,3
projects,3
produce,3
went,3
kong,3
growing,3
4,3
require,3
permanent,3
cipher,3
despite,3
user,3
efficient,3
former,3
instead,3
technica,3
retailers,3
store,3
popularity,3
becomes,3
wikidata,3
categories,3
smart,3
creation,3
sec,3
ukraine,3
reports,3
city,3
north,3
class,3
seven,3
sentencing,3
huang,3
officials,3
cnnmoney,3
hashes,3
able,3
subsequent,3
buffett,3
statement,3
icos,3
each,3
higher,3
integrity,3
post,3
displaying,3
generator,3
description,3
china's,3
provided,3
resources,3
although,3
legally,3
now,3
survey,3
nick,3
costly,3
quickly,3
offered,3
billions,3
personal,3
george,3
instance,3
hand,3
specific,3
implemented,3
gaming,3
load,3
record,3
rich,3
climate,3
networks,3
directly,3
scam,3
better,3
peercoin,3
complementary,3
hashing,3
cannot,3
finma,3
redirect,3
political,3
imposed,3
crisis,3
james,3
third,3
jeff,3
generally,3
payments,3
median,3
halving,3
targets,3
401(k,3
take,3
recommended,3
mastercard,3
role,3
mine,3
cross-chain,3
action,3
gates,3
senior,3
protocols,3
every,3
speculative,3
stephanie,3
luna,3
supports,3
exchanged,3
processing,3
events,3
governments,3
addresses,3
respectively,3
location,3
efficiency,3
ssrn,3
film,3
trader,3
bitwise,3
—ended,3
lily,3
approximately,3
received,3
update,3
fca,3
robert,3
additionally,3
wikimedia,3
grid,3
compliance,3
storage,3
know,3
instability,3
altcoin,3
challenges,3
methods,3
confirm,3
profitability,3
find,3
individuals,3
design,3
"",3
back,3
alan,3
ban,3
worse,3
entities,3
involving,3
efforts,3
caused,3
guilty,3
techcrunch,3
themselves,3
changing,3
polygon,3
send,3
referred,3
came,3
operation,3
deal,3
pass,3
fast,3
generated,3
parties,3
leading,3
likely,3
republic,3
plants,3
esma,3
read,3
computers,3
chairman,3
policies,3
channel,3
from,3
maintain,3
sam,3
launder,3
proshares,3
definition,3
cover,3
don't,3
mint,3
hedge,3
publicly,3
crimes,3
justice,3
brown,3
scholars,3
szabo,3
silver,3
medium,3
collectively,3
reliable,3
impacts,3
opportunities,3
improve,3
just,3
institute,3
oversight,3
coinye,3
commodities,3
zealand,3
bitzlato,3
credit,3
travel,3
thus,3
though,3
next,3
advertising,3
hong,3
internal,3
liquidity,3
tool,3
bubbles,3
random,3
mechanisms,3
calls,3
safe,3
records,3
limited,3
note,3
foreign,3
little,3
proceedings,3
significantly,3
descriptions,3
centralized,3
hype,3
innovations,3
kilowatt-hours,3
laws,3
plans,3
harvard,2
letters,2
tied,2
logo,2
1060,2
30%,2
disappeared,2
knowledge,2
local,2
regard,2
algorand,2
appearance,2
agency,2
green,2
wealth,2
committee,2
suicide,2
open-source,2
inside,2
defi,2
trial,2
housing,2
icdcs,2
feuer,2
spencer,2
edit,2
b-money,2
georgia,2
proposing,2
purchase,2
bureau,2
efficiently,2
recovery,2
hacking,2
historically,2
glendon,2
town,2
here,2
paid,2
$23.5,2
monkey,2
crypto-related,2
introduced,2
nations,2
laundered,2
pool,2
understanding,2
union,2
inflated,2
netherlands,2
swiss,2
interpol,2
full,2
especially,2
given,2
way,2
austin,2
namecoin,2
biden,2
homes,2
pseudorandom,2
bing,2
complete,2
due,2
william,2
namely,2
authors,2
includes,2
implicit,2
object,2
arab,2
embrace,2
response,2
residents,2
combined,2
needs,2
heart,2
finds,2
manager,2
pow,2
launches,2
stating,2
inc,2
write,2
ways,2
song,2
alexander,2
involved,2
hacks,2
tyler,2
aspects,2
confused,2
resolution,2
supreme,2
cheque,2
greater,2
advances,2
delisted,2
restrict,2
ponzi,2
kim,2
son,2
everyone,2
cause,2
aviv,2
mirror,2
updated,2
banning,2
hacked,2
lightning,2
spending,2
sites,2
confirmed,2
range,2
waste,2
consumed,2
ross,2
table,2
patman,2
cybercriminals,2
shane,2
finding,2
task,2
mellon,2
managers,2
responses,2
jerry,2
relation,2
lansky,2
core,2
sellers,2
cent,2
non-profit,2
forward,2
produced,2
representing,2
damages,2
indonesia,2
limitations,2
sent,2
strengthening,2
fair,2
blockscale,2
surge,2
enabling,2
cases,2
lowenstein,2
verifiable,2
multiple,2
sought,2
promote,2
merriam-webster,2
turning,2
launched,2
equates,2
scientist,2
top,2
recipient,2
launch,2
demanded,2
applicable,2
wealthy,2
sure,2
common,2
winklevoss,2
taylor,2
japan,2
consistent,2
capacity,2
valid,2
stations,2
denationalisation,2
1983,2
fungible,2
provincial,2
copy,2
bannon,2
anonymity,2
merge,2
ensuring,2
realize,2
sector,2
extremist,2
stability,2
attracted,2
achieved,2
shah,2
intelligence,2
tolerance,2
severe,2
boards,2
incentive,2
sec.gov,2
threats,2
conventional,2
economist,2
chart,2
ivms,2
comparison,2
chia,2
play,2
commented,2
hijacking,2
community,2
lee,2
ruble,2
stanley,2
critical,2
menu,2
trend,2
kind,2
regime,2
gave,2
fink,2
issuance,2
meaning,2
financial,2
hern,2
100%,2
1070,2
bring,2
fallout,2
attention,2
goes,2
globally,2
book,2
blackrock,2
bancor,2
accounting,2
practice,2
quartz,2
poor,2
authentication,2
preserve,2
life,2
households,2
completely,2
rules,2
vigna,2
kodakcoin,2
suicides,2
l.p,2
wikiquote,2
long,2
entered,2
something,2
spain,2
corporate,2
verify,2
permanently,2
norsk,2
mackenzie,2
members,2
releases,2
sense,2
race,2
legitimacy,2
london,2
google,2
hijacked,2
positive,2
websites,2
consultation,2
yahoo,2
right-wing,2
rest,2
joseph,2
broad,2
staff,2
serve,2
milestone,2
obtain,2
apply,2
initiative,2
arabia,2
leadership,2
giant,2
options,2
newcastle,2
microsoft,2
scalability,2
corresponded,2
cryptology,2
photovoltaic,2
assessment,2
outside,2
can,2
institutional,2
wired,2
ruled,2
messaging,2
thesis,2
guide,2
bankman-fried's,2
books,2
kraken,2
winner,2
together,2
developments,2
invasion,2
"$10,000",2
well-known,2
businesses,2
chapter,2
angus,2
timestamp,2
livni,2
reliant,2
irs,2
content,2
exceeding,2
written,2
filed,2
very,2
$530,2
traders,2
director,2
second,2
1news,2
martin,2
washington,2
thailand,2
space,2
casps,2
terrorist,2
variable,2
casascius,2
josh,2
future,2
ed,2
emts,2
receive,2
andy,2
effort,2
0099-9660,2
balance,2
scale,2
cost,2
database,2
largely,2
adam,2
litebit,2
creative,2
faster,2
keep,2
used,2
actors,2
hugh,2
asia,2
merchant,2
reaches,2
real-world,2
retirement,2
owners,2
muhammad,2
soros,2
digicash,2
contribute,2
actually,2
joule,2
passed,2
setting,2
pseudonymous,2
iceland,2
sufficient,2
replace,2
supremacists,2
hesitant,2
lacking,2
1996,2
cryptonote,2
leads,2
publication,2
controversial,2
minutes,2
among,2
register,2
tvnz,2
moving,2
futures,2
irfan,2
debasement,2
cybercrime,2
facing,2
notes,2
promotion,2
last,2
benefits,2
volatile,2
name,2
such,2
developer,2
all-time,2
crashed,2
turn,2
characterized,2
notably,2
enough,2
website,2
2014–2018,2
want,2
oliver,2
independent,2
association,2
facility,2
magnates,2
stocks,2
lists,2
stop,2
plaintext,2
kazakhstan,2
argument,2
dated,2
covering,2
aside,2
limiting,2
raise,2
drive,2
regional,2
hint,2
receiving,2
engine,2
titan,2
researcher,2
cajee,2
unregistered,2
attorney,2
consuming,2
step,2
ideas,2
updating,2
vildana,2
coinmarketcap,2
sentence,2
goals,2
tulip,2
jonathan,2
prohibits,2
adjusting,2
winners,2
claims,2
mesoamerica,2
criticisms,2
creating,2
fee,2
learning,2
opinion,2
license,2
differ,2
start,2
application,2
luke,2
blockchain-based,2
israel,2
rises,2
deprecated,2
rallies,2
breaches,2
hands,2
invested,2
wilson,2
selloff,2
warned,2
shut,2
expected,2
ftx,2
japanese,2
involvement,2
percent,2
bahasa,2
century,2
unreliable,2
attacks,2
across,2
itself,2
scott,2
energy-intensive,2
validity,2
donate,2
2010s,2
fool,2
arbitrage,2
linkedin,2
peter,2
turned,2
russians,2
robin,2
shared,2
lead,2
regulate,2
adds,2
ledgers,2
www.bloomberg.com,2
executives,2
shin,2
jeremy,2
included,2
wider,2
purposes,2
equivalent,2
terrorism,2
"25,000",2
classified,2
fatf's,2
nyse,2
brian,2
base,2
entering,2
huge,2
measured,2
begun,2
binary,2
steven,2
unauthorized,2
circumstances,2
causing,2
shiba,2
hyun,2
miller,2
method,2
upload,2
beneficiary,2
rely,2
clearly,2
intel,2
publisher,2
energy-efficient,2
professor,2
basic,2
1997,2
christopher,2
hajric,2
hindu,2
princeton,2
balance-sheet,2
enable,2
chase,2
davies,2
collectibles,2
counts,2
languages,2
representatives,2
greenspan,2
stopped,2
gradually,2
depend,2
fundraising,2
peters,2
trillion,2
intervasp,2
governance,2
yang,2
ephrat,2
1998,2
production,2
shiller,2
release,2
stricter,2
german,2
longer,2
segwit,2
measurement,2
learn,2
petro,2
meme,2
land,2
key,2
marks,2
figures,2
quantum,2
submitted,2
nature,2
libertarianism,2
implement,2
buyers,2
arts,2
classification,2
conflict,2
relating,2
argued,2
fueled,2
person,2
important,2
emirates,2
decentralization,2
reading,2
works,2
printable,2
halved,2
investopedia,2
crypto-asset,2
minister,2
russell-jones,2
scandal,2
coordinated,2
trust,2
completing,2
$400,2
tezos,2
sigalos,2
startups,2
growth,2
ftx's,2
ekonomika,2
young,2
contact,2
springer,2
consume,2
hacker,2
income,2
politics,2
increases,2
estate,2
craig,2
central,2
avalanche,2
anti-money,2
goods,2
facebook,2
algorithm,2
australia,2
elizabeth,2
operating,2
sustainability,2
americans,2
legislative,2
distribution,2
pricing,2
forks,2
adults,2
extreme,2
please,2
monetary,2
greenberg,2
forced,2
kwon,2
small,2
singapore,2
valued,2
gensler,2
france,2
clearing,2
haven,2
objects,2
stiglitz,2
refined,2
asked,2
franck,2
беларуская,2
summary,2
monetarism,2
temporarily,2
named,2
archival,2
danger,2
settlement,2
official,2
uphold,2
final,2
previously,2
daniel,2
craze,2
2017–2018,2
21st,2
thaler,2
aware,2
raises,2
investigating,2
iota,2
subject,2
eventually,2
started,2
proposal,2
specialized,2
philosophical,2
counterparty,2
simply,2
substantially,2
welfare,2
establishment,2
good,2
nigeria,2
cftc,2
yaffe-bellany,2
1990,2
wire,2
advocates,2
alarm,2
winter,2
notable,2
machines,2
twelve,2
tech,2
us$1.3,2
zdnet,2
bitconnect,2
reached,2
bridge,2
papers,2
pos,2
applies,2
criticize,1
hottest,1
departments,1
deutsche,1
post-quantum,1
emerge,1
faced,1
wahba,1
resulted,1
bought,1
unaware,1
crypto-coins,1
limit,1
jump,1
expensive,1
establishes,1
client,1
enhanced,1
forbidding,1
judgment,1
tuesday,1
asian,1
morning,1
amid,1
mengqi,1
simultaneously,1
aggressive,1
inconsistent,1
felten,1
retraction,1
conducted,1
favorites,1
antoinette,1
solarcoin,1
taxed,1
crypto-anarchy,1
euskara,1
български,1
print/export,1
exemplified,1
expects,1
incarnation,1
frontiers,1
situation,1
academics,1
twice,1
matthew,1
enthusiasm,1
malik,1
gains,1
res-plants,1
weibelzahl,1
regular,1
listings,1
alt,1
conducive,1
gross,1
1135–,1
cloth,1
exclusively,1
iyengar,1
antonopoulos,1
hart,1
connect,1
deputy,1
dates,1
"32,000",1
spyros,1
point,1
never,1
bomb,1
suspicious,1
dadvan,1
2011.11325,1
മലയാളം,1
decrypt,1
master's,1
cryptographer,1
atmosphere,1
files,1
actuelle,1
charlie,1
perrin,1
forces,1
hrvatski,1
announces,1
imf's,1
978-1-000-92384-1,1
option,1
interlingua,1
performed,1
raised,1
wikinews,1
xrp,1
conflicting,1
oxon,1
contains,1
retreats,1
sunday,1
htlcs,1
skyrockets,1
gomes,1
varies,1
perils,1
older,1
baldwin,1
2.0,1
occur,1
aren't,1
bitgreen,1
marketexclusive.com,1
special,1
line,1
track,1
cold,1
lewis,1
crashes,1
commits,1
aftermath,1
purely,1
immediate,1
advanced,1
کوردی,1
onion,1
disclaimers,1
byzantine,1
person-to-person,1
products,1
interpreted,1
fight,1
lacks,1
maldives,1
gigawatts,1
evaders,1
zero-knowledge,1
zagreb,1
imperative,1
mooted,1
gov.uk,1
modern-day,1
monday,1
appetite,1
samuel,1
supervision,1
978-1-4919-2452-5,1
enables,1
controls,1
intricate,1
belief,1
illiquid,1
pagliery,1
concluding,1
verifying,1
concerning,1
operates,1
2013–2014/15,1
yaish,1
slumps,1
41st,1
replacing,1
crypto-mining,1
barcelona,1
2020ieeea...854044h,1
angeles,1
bonneau,1
parliament,1
low,1
issuers,1
ponciano,1
accounted,1
243–,1
break-up,1
transformative,1
reduce,1
equals,1
groups,1
kouzani,1
booming,1
kept,1
wallace,1
978-1-6654-4513-9,1
debut,1
doj,1
lëtzebuergesch,1
978-1629370361,1
kleptography,1
broadly,1
mobile,1
normally,1
македонски,1
busts,1
2013–2018,1
author,1
sales,1
america,1
fred,1
baidu,1
todd,1
harvest,1
keeping,1
intention,1
doesn't,1
ong,1
they,1
s'intéresser,1
macau,1
simona,1
kyle,1
unauthorised,1
financiers,1
2405790,1
andresen,1
100x,1
secured,1
techniques,1
domination,1
existed,1
belonging,1
fully,1
tribune,1
bitlicense,1
10.1057/s41599-018-0065-0,1
insecure,1
favor,1
graph,1
italiano,1
discourse,1
pimentel,1
already,1
precious,1
perspectives,1
originators,1
usman,1
14178,1
tumbles,1
ecuador,1
traditionally,1
تۆرکجه,1
integration,1
falls,1
ends,1
government-issued,1
periods,1
limits,1
lawyers,1
blamed,1
janet,1
creates,1
saarclaw,1
joshua,1
exploited,1
afp,1
zealand's,1
otago,1
stretching,1
anarcho-capitalists,1
expressing,1
shafik,1
10.1109/access.2019.2914098,1
family,1
multi-level,1
ئۇيغۇرچە,1
flawed,1
friends,1
steganography,1
chayka,1
پنجابی,1
roll,1
rivals,1
muneeb,1
liberty,1
magyar,1
ahmed,1
precursor,1
banknote,1
català,1
ភាសាខ្មែរ,1
treatments,1
kerry,1
second-largest,1
pre-trial,1
jpmorgan,1
manipulate,1
considerations,1
dedicated,1
raval,1
nearby,1
display,1
alyssa,1
taps,1
tolaymat,1
tesla's,1
identify,1
catalonia,1
mobilecoin,1
any,1
professionals,1
supervised,1
site,1
frysk,1
monthly,1
specifications,1
latviešu,1
iq.wiki,1
$40b,1
garantex,1
unconstitutional,1
owes,1
10.1109/tasc.2021.3096503,1
uncertainty,1
assessment—a,1
avoid,1
212850773,1
widely,1
accelerate,1
cryptocurrencies—a,1
counterparts,1
1637,1
overreach,1
10.8,1
intini,1
signatures,1
etf,1
dominican,1
compensation,1
interacted,1
billy,1
62.56,1
ambiguous,1
tencent,1
עברית,1
dag-based,1
carelessness,1
checks,1
news18,1
answer,1
howey,1
gary,1
íslenska,1
sumeet,1
performance,1
www.esma.europa.eu,1
keeps,1
sehyun,1
enhance,1
direction,1
egypt,1
driven,1
blake,1
africrypt,1
978-92-899-0862-7,1
10.1038/d41586-018-01625-x,1
türkmençe,1
schoar,1
chats,1
headquartered,1
tomaso,1
solicitor,1
bilal,1
msrp,1
securing,1
senate,1
analogy,1
energy-saving,1
officer,1
fluctuation,1
overview,1
miner,1
aljazeera,1
requesting,1
discussing,1
senator,1
advisor,1
responded,1
2023/2024,1
crypto-payment,1
makarov,1
distrustful,1
distinct,1
taskforce,1
978-0-255-36239-9,1
rennie,1
editorial,1
lecturer,1
putting,1
10419/287421,1
thing,1
brookings,1
enthusiasts,1
hours,1
www.klgates.com,1
2021–2023,1
test,1
olga,1
forecasts,1
managed,1
identities,1
accurately,1
drafted,1
regulating,1
tsutomu,1
62–22,1
grouped,1
embedded,1
mathematics,1
memes,1
spark,1
2657598,1
charged,1
azhar,1
owns,1
gareth,1
generate,1
kearns,1
regulator's,1
gallersdörfer,1
898,1
blinding,1
instructions,1
anti-spam,1
black,1
stellar,1
inherently,1
profits,1
hkma,1
legislatures,1
wind,1
59601449,1
gresham's,1
bourse,1
christian,1
demands,1
begin,1
jiahua,1
dalton,1
română,1
mitsuru,1
unfit,1
encyclopedia,1
varying,1
memecoin,1
notoriously,1
favours,1
10.1080/13504851.2020.1713979,1
shitcoins,1
firo,1
tsc.bitcoinassociation.net,1
فارسی,1
confident,1
katsikouli,1
insane,1
www.hklaw.com,1
sells,1
vast,1
praxis,1
casares,1
deferred,1
avivah,1
sociology,1
lending,1
prominent,1
українська,1
tiếng,1
stand-alone,1
holders,1
withdraw,1
suffering,1
face,1
lower,1
piper,1
district,1
blunt,1
representative,1
centers,1
incentivize,1
eos.io,1
probably,1
agreed,1
extremism,1
heckman,1
legitimize,1
føroyskt,1
driver's,1
newspaper,1
sharing,1
2019joule...3.1647s,1
summer,1
morningstar.com,1
trending,1
upheld,1
leonardo,1
slovenčina,1
features,1
narayanan,1
mailing,1
anna,1
establish,1
backlash,1
akkadian,1
transitioned,1
secret,1
nasdaq,1
10.5937/ekonomika1801105m,1
it,1
loser,1
vidhi,1
run,1
aste,1
griffin,1
hashgraph,1
cyber-digital,1
nationally,1
46-307,1
say,1
scrip,1
kara,1
"1,000",1
tightens,1
strategic,1
suomi,1
non-compliant,1
cryptoanarchists,1
crypto-exchanges,1
clearinghouse,1
priorities,1
measure,1
hosted,1
phenomenon,1
outweigh,1
"300,000",1
dreaver,1
criminality,1
protected,1
flitter,1
pricewaterhousecoopers,1
recht,1
smaller,1
nicehash,1
16%,1
lietuvių,1
basel,1
improved,1
globe,1
insurance,1
informed,1
brethren,1
oaktree,1
wilmer,1
problems,1
information-theoretic,1
chain,1
jon,1
detailed,1
affect,1
parvez,1
catalin,1
assets.publishing.service.gov.uk,1
genesis,1
bypass,1
cryptanalysis,1
identification,1
88,1
fintech,1
polluting,1
unceremoniously,1
hurting,1
inherent,1
exchange-traded,1
sapir,1
template,1
paypal,1
1750,1
wolff-mann,1
murray,1
salt,1
greenhouse,1
nguyen,1
whoppercoin,1
sanctioned,1
occitan,1
resistant,1
headline,1
artur,1
unattainable,1
collect,1
picks,1
path,1
backers,1
placing,1
pcworld,1
politècnica,1
implications,1
spectacular,1
unknown,1
tainted,1
"5,000",1
loses,1
barley,1
khalili,1
style,1
peer-to-peer,1
yandex,1
phishing,1
awarded,1
becoming,1
marchés,1
1698,1
goldwasser,1
sounds,1
warren's,1
fridgen,1
pronounced,1
jailed,1
10.3389/fbloc.2019.00004,1
transferring,1
inquiry,1
covers,1
corinne,1
§122–125,1
agree,1
quantification,1
determined,1
bead,1
student,1
results,1
kazakhstan's,1
shrem,1
llc,1
eric,1
283–,1
differences,1
requests,1
debated,1
modern,1
fpgas,1
doge,1
estimating,1
embracing,1
draper,1
hiltzik,1
fact,1
ticker,1
arrested,1
entitled,1
niger,1
faq,1
denies,1
purchasing,1
seattle,1
schwartzkopff,1
fighting,1
www.hit.bme.hu,1
shams,1
advertisements,1
abused,1
libertarian,1
02/2019,1
holds,1
crypto-trading,1
mostly,1
attempt,1
0140-0460,1
lacey,1
broker,1
20.500.11782/2513,1
dansk,1
nepal,1
amin,1
module:annotated,1
etc,1
fanelli,1
addressed,1
prompts,1
vulnerability,1
weibo,1
nova,1
interview,1
1804.10013,1
0190-8286,1
founders,1
janda,1
willing,1
individual,1
aftab,1
destabilising,1
$2tn,1
penalties,1
improving,1
andrea,1
lananh,1
chance,1
navigation,1
memorial,1
samson,1
usama,1
autorité,1
specialist,1
expert,1
nowadays,1
broader,1
restricted,1
buried,1
10.1109/access.2020.2980950,1
regularly,1
exist,1
things,1
sensitive,1
53072748,1
heist,1
amounts,1
regulates,1
directorate-general,1
camel,1
extended-confirmed-protected,1
nationwide,1
dirty,1
esperanto,1
profit,1
forty,1
injective,1
up-front,1
interlingue,1
participating,1
karim,1
asic,1
use-cases,1
8.11,1
everything...needs,1
notary,1
plus,1
leader,1
bankrupt,1
choose,1
schaub,1
qatar,1
ability,1
joint,1
kimberly,1
motherboard,1
solving,1
younger,1
disposing,1
31%,1
10.2,1
presence,1
sackey,1
elections,1
10.1007/s12599-021-00686-z,1
universitat,1
successful,1
ivana,1
seeking,1
deaton,1
frédéric,1
roots,1
dumps,1
roundup,1
difference,1
harper,1
organizations,1
amos,1
mccorry,1
series,1
investigative,1
shortage,1
optimal,1
long-term,1
44%,1
principles,1
achieving,1
story,1
grounds,1
schwab,1
studied,1
brito,1
none,1
cooling,1
abnormal,1
abingdon,1
animals,1
armchair,1
birminghamlive,1
yingzhi,1
position,1
alun,1
out,1
return,1
palau,1
intrinsic,1
drumcliffe,1
auckland,1
transmitted,1
untethered,1
wiley,1
end-to-end,1
togo,1
period,1
symmetric-key,1
1695–,1
puts,1
vanessa,1
requested,1
haynie,1
specialised,1
youhwan,1
adopt,1
intermittency,1
provides,1
gedeon,1
tim,1
download,1
complaint,1
10.20470/jsi.v9i1.335,1
susan,1
ulbricht,1
miscellaneous,1
2018natur.554..169f,1
develop,1
macheel,1
fake,1
safemoon,1
kelley,1
11,1
bodies,1
parts,1
eu,1
analyst,1
castillo,1
reality,1
adamović,1
undefined,1
gabon,1
stunning,1
cody,1
manilla,1
school,1
event,1
percentage,1
10.21428/58320208.d891046f,1
meted,1
dutch,1
africa's,1
griffith,1
flipside,1
ecosystem,1
maintaining,1
emily,1
indicated,1
tried,1
overcoming,1
traditionnelles,1
derivation,1
dependent,1
cotton,1
citing,1
www.barrons.com,1
linger,1
supporter,1
empirical,1
recommends,1
coles-andrew,1
axed,1
moratorium,1
fallen,1
holland,1
joanna,1
ehrlich,1
recommend,1
fraudulently,1
zach,1
game-theoretic,1
rush,1
region,1
promissory,1
civil,1
effective,1
timeline,1
signature,1
libertarians,1
extent,1
coincheck,1
tumbler,1
ελληνικά,1
gained,1
revue,1
ristić,1
leverage,1
seller,1
laurie,1
facilitating,1
10.5210/fm.v20i12.6198,1
quachtli,1
west-vlams,1
nervos,1
4.3.2,1
reliability,1
dealer's,1
courts,1
rabiul,1
instruments,1
sheet,1
field,1
details,1
there's,1
shashwat,1
improvement,1
57022,1
investing,1
levitt,1
sijia,1
senegal,1
256,1
less,1
eid,1
solution,1
megan,1
cxihub,1
hydra,1
robocoin,1
tibet,1
1059-1028,1
sectoral,1
billionaire,1
determine,1
čeština,1
dispute,1
competing,1
canaan,1
operational,1
thestreet.com,1
www.fatf-gafi.org,1
lgbcoin,1
quick,1
game,1
retail,1
everything,1
viewpoint,1
12,1
addition,1
dilemma,1
honey,1
phys.org,1
occurred,1
electronically,1
item,1
2018natsu...1..711k,1
suffers,1
ambacoin,1
labour,1
truth,1
malleability,1
crypto-transactions,1
8.10,1
"$700,000",1
charges,1
czar,1
helping,1
refused,1
voted,1
except,1
nederlands,1
$170,1
dummies,1
andres,1
1140,1
irreversible,1
spalević,1
primitive,1
michelle,1
oxymoron,1
multiplying,1
raeesi,1
wiped,1
bukele,1
experts,1
13741873,1
zero,1
letter,1
plating,1
coincidence,1
bright,1
deutsch,1
warning,1
holly,1
primarily,1
bank-to-bank,1
solutions,1
upend,1
kaplan,1
providing,1
masons,1
gloom,1
rapidly,1
22.9,1
99.9%,1
approaches,1
fabian,1
ranged,1
nicolini,1
exposing,1
licensing,1
bitmain,1
long-awaited,1
federation,1
news.bloomberglaw.com,1
augur,1
mid-2024,1
brandão,1
buy-bitcoin,1
warner,1
felipe,1
ciphertext,1
"113,249",1
autonomous,1
mainly,1
inexpensive,1
zerocash,1
menna,1
ignored,1
rockdale,1
collectable,1
sto,1
freely,1
denmark,1
finney,1
minimizing,1
cap,1
promptly,1
coindesk,1
board,1
chattel/movable,1
describing,1
lawyer,1
roman,1
mandated,1
kevin,1
newport,1
weinglass,1
goal,1
etymology,1
0.0079,1
certified,1
marketplaces,1
tobias,1
kharif,1
mode,1
videos,1
requiem,1
customized,1
backing,1
vítor,1
fetishism,1
pv,1
extend,1
designs,1
clay,1
chad,1
tyne,1
statista,1
bitcoin-linked,1
language,1
greig,1
alsoszatai-petheo,1
crypto-actifs,1
connected,1
proving,1
jose,1
9783959773034,1
fr,1
0971-751x,1
unchanged,1
plant,1
54044–,1
foundations,1
acyclic,1
wrongly,1
verge,1
tasca,1
behaving,1
sesotho,1
978-1-5386-9564-7,1
registration,1
complicated,1
aimed,1
hertig,1
howcroft,1
adverts,1
bakkt,1
inefficiency,1
incentivised,1
clear,1
stream,1
scope,1
ambiguity,1
statistically,1
haselton,1
"97,000",1
giedroyc,1
initiatives,1
lingo,1
russell,1
gabriel,1
recognize,1
steve,1
price-performance,1
this,1
hinesh,1
cunningham,1
polski,1
dragoni,1
axe-money,1
8.12,1
magazine,1
vicinity,1
economists,1
baby,1
shares,1
end,1
dissuade,1
conclusion,1
regarded,1
theoretical,1
promotional,1
domestic,1
moni,1
looms,1
single,1
arms,1
whatsoever,1
featuring,1
evolution,1
second-biggest,1
finalized,1
tron,1
podnar,1
0.001%,1
utc,1
electrical,1
drumcliffe's,1
www.unicef.org,1
hysterics,1
2017-2021,1
nonresidents,1
thornton,1
katz,1
word,1
controversy,1
systemic,1
jacqui,1
nagarajan,1
validating,1
committed,1
putin,1
amena,1
actively,1
accessible,1
chargebacks,1
renowned,1
attending,1
excludes,1
introduction,1
foolproof,1
boost,1
prime,1
shifting,1
litan,1
campbell-verduyn,1
triumph,1
zetzsche,1
threat,1
sun,1
müller,1
marsden,1
critics,1
jokes,1
functional,1
balina,1
heat,1
buterin,1
nvidia's,1
paolo,1
updates,1
"$1,100",1
minor,1
cryptovirology,1
equally,1
inefficient,1
barr,1
8,1
grant,1
slovenian,1
7,1
prn,1
approval,1
connects,1
specifically,1
reviews,1
preserved,1
levels,1
equal,1
landfill,1
siraj,1
10.1109/icdcs51616.2021.00062,1
தமிழ்,1
الدارجة,1
charting,1
vol,1
policymakers,1
e-cash,1
emem,1
assumed,1
equity,1
122,1
lipics,1
labs,1
watch,1
utilized,1
101,1
katia,1
reconcile,1
0350-137x,1
coinworld,1
uyghurche,1
bain,1
2027,1
schedule,1
trouble,1
practices,1
confront,1
whose,1
gathering,1
$473,1
farivar,1
verdict,1
perceived,1
faso,1
retroactively,1
classic,1
livemint,1
recourse,1
mooij,1
cocoa,1
optimizing,1
ꠍꠤꠟꠐꠤ,1
authorities,1
donald,1
reflect,1
brand,1
presented,1
stateless,1
attempts,1
haq,1
demonstrated,1
argues,1
contributed,1
summarized,1
comment,1
wright,1
remittance,1
entrepreneurial,1
amf,1
wyatt,1
overpaying,1
antics,1
manually,1
representations,1
vehicle,1
act,1
movies,1
العربية,1
unlimited,1
2.1.1,1
ordered,1
college,1
1661,1
fearmongers,1
proved,1
coingecko,1
possession,1
advent,1
panagiota,1
deny,1
quotations,1
cfds,1
us,1
sciences,1
mccrank,1
10.1016/j.irfa.2022.102061,1
attribution-sharealike,1
stand,1
assessed,1
پښتو,1
abdullah-al,1
sons,1
signed,1
sargent,1
duplicate,1
milutinović,1
sees,1
319,1
thediplomat.com,1
1.4%,1
stephen,1
mendoza,1
science,1
storm,1
dougherty,1
steal,1
keen,1
asics,1
codetext,1
roberts,1
terror,1
pascale,1
affiliated,1
investigate,1
hydro,1
namibia,1
designate,1
1999,1
natural,1
ripple,1
juridique,1
293–,1
bitgo,1
ciolli,1
211296648,1
consumes,1
clarke,1
cryptocompare,1
buy,1
decentralised,1
prepare,1
coded,1
hundreds,1
chip,1
magnate,1
andes,1
paek,1
death,1
money-laundering,1
"512,671",1
pyongyang,1
sentences,1
mazacoin,1
custodian,1
mccrum,1
niket,1
morris,1
aleksandar,1
originator,1
2291-3920,1
10.1016/j.jfineco.2019.07.001,1
cyberattack,1
de,1
4.2.1,1
scrambling,1
oman,1
tulipmania,1
calculated,1
highest,1
lam,1
српскохрватски,1
cme,1
cypherpunk,1
harris,1
metallism,1
2002.11064,1
feature-migrants,1
altered,1
kleiman,1
validated,1
inasmuch,1
shekel,1
authorized,1
finishes,1
reasons,1
fluctuations,1
10.14763/2021.2.1561,1
landmark,1
10.1080/13504851.2019.1673297,1
հայերեն,1
call,1
bonelli,1
snub,1
programs,1
art,1
us$2.8,1
ideology,1
монгол,1
bangladesh,1
anti-central,1
summit,1
epic,1
topics,1
us-based,1
ali,1
booms,1
dioxide,1
webarchive,1
goodell,1
changed,1
2021itas...3196503e,1
www.mayerbrown.com,1
rakibuzzaman,1
cuba,1
mailchimp,1
algeria,1
havens,1
increasing,1
negative,1
$2.2845,1
ramey,1
faverio,1
express,1
engineering,1
cryptosystem,1
graduate,1
turkmenistan,1
raees,1
round,1
minds,1
flowing,1
"598,755",1
program,1
treasury's,1
gangs,1
hemant,1
aumatell,1
useful,1
obfuscated,1
co-operation,1
key-based,1
sending,1
marketing,1
worsened,1
guadamuz,1
clearer,1
running,1
ground,1
environment,1
increasingly,1
478–,1
houben,1
ghash.io,1
purpose-built,1
satoshi.nakamotoinstitute.org,1
seol,1
ages,1
supervising,1
saeed,1
102061,1
protections,1
sinclair,1
yup,1
dawson,1
established,1
$2.2,1
thereafter,1
38th,1
seeks,1
graeme,1
mona,1
www.forbes.com,1
"750,000",1
france-presse,1
thinks,1
wikiversity,1
nedersaksies,1
nauman,1
misuse,1
ellie,1
slovenščina,1
socially,1
taking,1
gregory,1
$316,1
upstate,1
greatest,1
lombard,1
blacklists,1
pleads,1
cs-tr-1470,1
iraq,1
j.p,1
experience,1
türkçe,1
ratified,1
owning,1
baraniuk,1
outline,1
yellen,1
nonce,1
arising,1
depends,1
svenska,1
233664180,1
exahash,1
crypto-,1
portugal,1
malware,1
1811.12240,1
pervez,1
tanzania,1
competition,1
choice,1
influencing,1
supremacist,1
african-based,1
meets,1
lbry,1
gaps,1
gilbert,1
cryptominers,1
anatoly,1
treated,1
emerging,1
jeongyeup,1
malcolm,1
fault,1
seizure,1
thereupon,1
jiyeun,1
protecting,1
boris,1
liquid,1
presets,1
embezzled,1
spend,1
laurence,1
forget,1
sabett,1
arrangements,1
profound,1
airdrop,1
double-spending,1
arjun,1
undergone,1
producing,1
speculated,1
actions,1
kiosk,1
spy,1
alarming,1
golumbia,1
plunged,1
supported,1
and,1
finma's,1
dance,1
carstens,1
lakhani,1
powering,1
startup,1
kebabs,1
subjects,1
10.6,1
aaron,1
incoming,1
brokerage,1
10.1,1
depository,1
shen,1
prashanth,1
saad,1
wile,1
ruud,1
18-month,1
disclosures,1
rakoff,1
programmer,1
dealers,1
kwh/year,1
shutdown,1
"50,000",1
kitamura,1
attributed,1
brass,1
quorum,1
viewed,1
1.0,1
resulting,1
aktuelle,1
follow,1
passport,1
team,1
koku,1
islam,1
charles,1
otherwise,1
judge,1
bimetallism,1
coinrail,1
buffalo,1
vice-president,1
తెలుగు,1
promoting,1
explicitly,1
nuri,1
imbert,1
chill,1
art/emts,1
bokmål,1
kademlia,1
pernice,1
rbi,1
metamask,1
etp,1
evaluates,1
correct,1
ccn.com,1
generations,1
paris,1
jones,1
gouging,1
corresponding,1
renbridge—an,1
illustrate,1
complexity,1
metals,1
iran,1
assembly,1
ethereum's,1
snap,1
yapian,1
blogs,1
10.1016/j.rser.2020.110520,1
justify,1
naor,1
electrum,1
explain,1
level,1
lingua,1
newsclick,1
klaaßen,1
favoured,1
steem,1
ulrich,1
western,1
particular,1
average,1
respondents,1
melayu,1
law's,1
panelist,1
effectively,1
"$30,000",1
0.01%,1
95%,1
10.1007/s10611-017-9756-5,1
matthews,1
ftse,1
yukinobu,1
srpski,1
unclear,1
intertwined,1
institution,1
excluded,1
iwamura,1
predict,1
gpu,1
pakistan,1
bravenewcoin,1
kryptowährungen,1
whole,1
modification,1
discuss,1
divorce,1
leaders,1
saini,1
metrics,1
encourage,1
ossinger,1
french-language,1
marketed,1
numismatics,1
português,1
conceived,1
12-month,1
acknowledged,1
agreement,1
regretted,1
someone's,1
carter,1
§100,1
401(k)s,1
mahmud,1
originated,1
filippo,1
galego,1
iron,1
"10,000,000",1
tanaya,1
until,1
$3.8,1
overstated,1
conferences,1
sidel,1
company's,1
pre-approval,1
noticed,1
tetchange,1
amending,1
diminutive,1
balanced,1
pratique,1
bosanski,1
austrian,1
chilly,1
22.0,1
separate,1
explore,1
olivia,1
melissa,1
lesotho,1
vertcoin,1
gianni,1
sharp,1
20,1
recognizes,1
cheng,1
values,1
intermediaries,1
decreasing,1
forcing,1
7691,1
charities,1
newly,1
bailment,1
lenders,1
phares,1
qian,1
transferred,1
237245955,1
10.1109/icdcs.2018.00171,1
purchased,1
capable,1
sharman,1
2:1–2:25,1
finance.ec.europa.eu,1
carlos,1
xno,1
campaign,1
utilizing,1
simplest,1
10.1109/icosst.2018.8632193,1
cuts,1
edward,1
coinage,1
children's,1
windfarms,1
runs,1
nayib,1
pacific,1
racket,1
cult,1
conversion,1
ecash,1
proceeds,1
collusion,1
founded,1
perumal,1
o'neill,1
built,1
designers,1
investigators,1
cs1,1
movements,1
fewer,1
hashcoin,1
welle,1
specification,1
lena,1
26%,1
2:48,1
managing,1
contemplated,1
exclusive,1
lobby,1
runa,1
body,1
primecoin,1
stab,1
euronews,1
hyperledger,1
buys,1
mandates,1
bitcoin-only,1
meanings,1
kiswahili,1
items,1
fractional-reserve,1
constâncio,1
kent,1
alt-right,1
uk's,1
vidal-tomás,1
helium,1
2150,1
1995,1
nijsse,1
2019/1937,1
disaster,1
german-language,1
continuously,1
barter,1
owen,1
extensive,1
fork,1
consisting,1
214099348,1
herskind,1
decryption,1
vietnam,1
zuckerman,1
puerto,1
rhymes,1
generalizations,1
absolute,1
gregoriou,1
perform,1
donor,1
agence,1
developing,1
prove,1
14,1
instances,1
denton,1
cryptos,1
bovaird,1
alevtina,1
necessary,1
bitinfocharts,1
canadian,1
arvind,1
holding,1
$480,1
brett,1
realm,1
45.8twh,1
$540,1
halted,1
cracking,1
prolific,1
proven,1
unlicensed,1
tesla,1
murphy,1
"70,237",1
monopoly,1
plattsburgh,1
o'reilly,1
petar,1
co-founder,1
rivalling,1
press,1
with,1
emerged,1
altogether,1
larry,1
stole,1
wallets.com,1
laptopmag,1
baer,1
attempting,1
nenad,1
strong,1
knight,1
juristische,1
frequently,1
pushing,1
paranoid,1
chainlink,1
kuwait,1
extended,1
assess,1
walon,1
shaped,1
marc-fabian,1
environmentally,1
would-be,1
monia,1
ltd,1
imprisonment,1
daily,1
earliest,1
wisdomtree,1
joel,1
cookie,1
1569–,1
2169-3536,1
বাংলা,1
principal,1
contracts,1
europe,1
dashjr,1
10.3,1
blind,1
translates,1
particularly,1
behave,1
vision,1
hbar,1
lukas,1
widespread,1
wandering,1
105–,1
turmoil,1
topic,1
expectation,1
sell-off,1
duplicates,1
mitigate,1
français,1
taxable,1
dramatically,1
offshore,1
kyc,1
timestamped,1
les,1
costelloe,1
wikipedia®,1
virtual-currency,1
cameroon,1
iansiti,1
for,1
enormous,1
fung,1
allocate,1
1570,1
shalini,1
proceed,1
burley,1
julie,1
origin,1
169170289,1
client-side,1
suspicion,1
tetrina,1
engagement,1
vice,1
liquidate,1
describe,1
4.3.1,1
vice-versa,1
intermediary,1
eggchange,1
nout,1
benevolent,1
suicidal,1
considering,1
aluminum,1
cryptojacking,1
hybrid,1
aventus,1
rizun,1
hidden,1
dirk,1
plea,1
kurdî,1
2021rserv.13810520b,1
plagiarism,1
hammurabi,1
tagalog,1
mercatus,1
engage,1
always,1
dominated,1
encourages,1
scmp,1
ico,1
54059,1
completed,1
represents,1
srpskohrvatski,1
ameer,1
ekibastuz,1
cyris,1
moscow,1
3090405,1
purchases,1
greener,1
howard,1
first-ever,1
abbas,1
immediately,1
alibaba,1
lenient,1
newbies,1
moldova,1
sore,1
qualify,1
shown,1
cuny,1
voorhees,1
wrote,1
thomson,1
facilities,1
d'études,1
adapt,1
cannibalizing,1
jurists,1
poses,1
disparagingly,1
confidence,1
primary,1
leboa,1
elements,1
obligations,1
carbon-dioxide,1
"18,000",1
hausa,1
palgrave,1
remove,1
chatterjee,1
sarlin,1
gold-based,1
"1,967,930",1
supposed,1
steps,1
sets,1
crowdfund,1
identifiable,1
10.7,1
training,1
overall,1
rice,1
universal,1
hill,1
trace,1
inflate,1
ਪੰਜਾਬੀ,1
saša,1
smagalla,1
10.5,1
throughout,1
cimpanu,1
refuse,1
hiding,1
robertson,1
complying,1
instilled,1
alois,1
riot,1
jaku,1
simpler,1
here's,1
probability,1
convicted,1
0.2%,1
entity,1
584–,1
developers,1
afford,1
settings,1
cryptocurrency-related,1
safeguards,1
enjoying,1
adopting,1
ford,1
ascribe,1
accrued,1
bandwidth,1
rollups,1
transition,1
978-0-691-17169-2,1
foley,1
katie,1
hang,1
diminished,1
properties,1
sign,1
imperfections,1
saudi,1
derivatives,1
message,1
thereby,1
installed,1
terawatt-hours,1
believes,1
select,1
scurrying,1
flood,1
10.1038/s41893-018-0152-7,1
filecoin,1
eight,1
inheritance,1
grellet,1
endorsement,1
rico,1
110520,1
тоҷикӣ,1
delegitimisation,1
recorded,1
greenpeace,1
bahrain,1
myth,1
mishra,1
dana,1
12th,1
lanka,1
pitta,1
ontario,1
chohan,1
inactive,1
libra,1
zhang,1
communication,1
forming,1
agreeing,1
navigate,1
reporting,1
numismatists,1
shafi,1
convergence,1
frances,1
forking,1
farouk,1
asymkos,1
member,1
introducing,1
surges,1
achieve,1
choi,1
relevant,1
araujo,1
sums,1
nynorsk,1
pinsent,1
preventing,1
imagine,1
bergwick,1
architectures,1
zenminer,1
typenzwang,1
temporally,1
sha-3,1
follows,1
internationales,1
curtailment,1
elliptic,1
vries,1
leibniz,1
operate,1
well-suited,1
10.1093/oxrep/grad035,1
evelyn,1
strengthen,1
rhetoric,1
rishi,1
six,1
quantity,1
benin,1
defended,1
innovators,1
numerus,1
reasonable,1
directed,1
document,1
नेपाली,1
bny,1
böhles,1
echoed,1
wences,1
francis,1
"$1,160",1
dubovitskaya,1
moneycontrol,1
hiroko,1
auroracoin,1
unfounded,1
vont,1
redemption,1
csprng,1
beach,1
2.1.2,1
disruptive,1
surging,1
counsellor,1
sparked,1
usdt,1
decreased,1
cote,1
performs,1
sardu,1
non-micar-compliant,1
mainstream,1
attractive,1
$18m,1
concentrated,1
dot-com,1
solicit,1
ukrainian,1
handling,1
once,1
size,1
embezzlement,1
mercopress,1
nahid,1
nine,1
answers,1
978-0387971964,1
2624-7852,1
bito,1
are,1
esma_qa_2404,1
abound,1
primer,1
days,1
equihash,1
seongwon,1
recommendation,1
duxbury,1
тарашкевіца,1
cvetković,1
stoll,1
ethan,1
meynkhard,1
continues,1
talk,1
truly,1
time-based,1
huma,1
facilitated,1
dave,1
osipovich,1
strains,1
auction,1
allison,1
tripled,1
српски,1
territory's,1
colloquially,1
1647–,1
$1trn,1
fire,1
fedorova,1
accordance,1
focus,1
état,1
mutually,1
hamas-linked,1
matches,1
registering,1
polytechnic,1
peck,1
noise,1
powered,1
damien,1
azərbaycanca,1
insights,1
sidoti,1
recently,1
geoff,1
shqip,1
brezhoneg,1
litebit@zendesk.com,1
superconductivity,1
rife,1
clifford,1
controlling,1
bit,1
körner,1
silvia,1
intended,1
vitalik,1
pushback,1
lose,1
simi,1
robby,1
cnn,1
panic,1
thabet,1
json,1
leaving,1
pegged,1
extremely,1
crime-linked,1
blockchains—was,1
башҡортса,1
whale,1
erik,1
classical,1
zerocoin,1
format,1
việt,1
regrets,1
intervasp.org,1
eco-friendly,1
steadman,1
usurpations,1
1720,1
282,1
weathered,1
ashley,1
pittsburgh,1
cbdc,1
shielding,1
marked,1
jokić,1
invented,1
65.4,1
noted,1
krause,1
disallow,1
guarantee,1
collection,1
doshi,1
bittrex,1
sha-2,1
luiz,1
soaring,1
faculty,1
arner,1
pose,1
coal,1
chin,1
erc-20,1
718,1
mayer,1
located,1
bastian-pinto,1
unique,1
papiamentu,1
delphine,1
product,1
congo,1
evidence,1
tougher,1
mail,1
spectrum,1
findings,1
matteo,1
lieux,1
venture,1
precludes,1
flexible,1
$0.659,1
taxing,1
butchering,1
taxes,1
risk-based,1
responsibilities,1
cheap,1
asset-referenced,1
annually,1
federico,1
funding,1
worldwide,1
ledgerjournal.org,1
garlic,1
belong,1
affairs,1
belarus,1
-style,1
safekeeping,1
chartalism,1
relocated,1
yousuf,1
unheard,1
stevo,1
$9.1,1
water,1
excessive,1
virgil,1
burkina,1
classifying,1
trademark,1
encrypted,1
regarding,1
barbara,1
ქართული,1
territory,1
knell,1
workers,1
$libra,1
tax,1
57009–,1
gridcoin,1
youbit,1
cousin,1
guyana,1
ordinary,1
subliminal,1
icosst,1
signs,1
drafts,1
mali,1
amd,1
birch,1
nishant,1
hennessy,1
gaeilge,1
us$360,1
custom,1
millions,1
galston,1
digitally,1
sued,1
commissioned,1
record-high,1
below,1
hence,1
tajikistan,1
shortages,1
mason,1
disposal,1
cameron,1
aspect,1
protection,1
depending,1
clarity,1
migrants,1
bernhard,1
appeal,1
ended,1
cymraeg,1
русский,1
versus,1
volunteers,1
experienced,1
homero,1
eighteen,1
811921,1
cryptomarkets,1
deep,1
cryptocurrency-mining,1
reza,1
adrian,1
consumers,1
rose,1
bultman,1
blog.koehntopp.de,1
wary,1
diem,1
certificates,1
tower,1
seen,1
transmitting,1
res-plant,1
0.15%,1
zhimin,1
14067,1
failed,1
criticized,1
laura,1
perhaps,1
seek,1
debt,1
exec,1
buckley,1
declares,1
hinders,1
age,1
10.4,1
blekinge,1
707.6,1
मराठी,1
saving,1
हिन्दी,1
draft,1
2019ieeea...757009p,1
dagbanli,1
consumption–here's,1
walters,1
slump,1
497,1
1350-4851,1
web3,1
snyers,1
isizulu,1
208267171,1
marco,1
aktuelles,1
stabilize,1
character,1
heather,1
bân-lâm-gí,1
managerial,1
adviser,1
tighten,1
227126965,1
newsweek,1
nothing,1
afrikaans,1
ackerer,1
reuters.com,1
rachel,1
quebec,1
grows,1
snapchat,1
administration,1
10.1016/j.joule.2019.02.007,1
were,1
bitgold,1
893–,1
zohar,1
zcash,1
splitting,1
struggle,1
hartill,1
shells,1
removing,1
bourses,1
trapdoor,1
focused,1
avoiding,1
melania,1
decreases,1
numbers,1
ethash,1
grace,1
karpelès,1
elusive,1
porzecanski,1
tasked,1
rival,1
rigs,1
mystery,1
prioritization,1
0.003%,1
2197-6775,1
اردو,1
concurrent,1
archive,1
winston,1
ಕನ್ನಡ,1
niccolai,1
2023/24,1
halts,1
cryptoeconomic,1
bolivia,1
altseason,1
bedford,1
qaraqalpaqsha,1
neither,1
bean,1
decrease,1
$31m,1
अवधी,1
produces,1
61–62,1
scanners,1
franca,1
harnessing,1
irreconcilable,1
anybody,1
conditions,1
dajani,1
statutory,1
cryptoeconomics,1
10.4230/lipics.aft.2023.2,1
advancement,1
proofs,1
भोजपुरी,1
comply,1
shortly,1
eliminate,1
forex,1
drugs,1
frank,1
icon,1
separately,1
solar,1
polansek,1
13:12,1
unusual,1
governmental,1
benign,1
gavin,1
turkey's,1
failure,1
josephine,1
doom,1
deployment,1
jihan,1
www.wsj.com,1
169784459,1
10.1016/j.joule.2019.05.012,1
show,1
phil,1
10.21511/imfi.16(4).2019.07,1
305,1
mexico,1
volumes,1
partial,1
i.e,1
revoking,1
manya,1
public-key,1
sec's,1
adding,1
polgar,1
ought,1
crypto-anarchism,1
half,1
csa,1
tabuchi,1
titcoin,1
e.g,1
978-1-5386-6871-9,1
katherine,1
crown,1
230%,1
"10,000",1
began,1
influence,1
lifted,1
"489,311",1
crypto-mine,1
authenticated,1
claire,1
wolff,1
simple,1
shortened,1
andros,1
medium-sized,1
builds,1
worker,1
crises,1
give,1
tiny,1
thompson,1
granted,1
head,1
benjamin,1
calling,1
agents,1
yale,1
date,1
journey,1
fail,1
dotcom,1
$450,1
hired,1
unveil,1
claiming,1
nicola,1
doubled,1
catalunya,1
downtrend,1
coll,1
window,1
ensure,1
steer,1
batra,1
premiums,1
landscape,1
money.yahoo.com,1
sends,1
morocco,1
ingolf,1
español,1
andreas,1
staked,1
five-year,1
signals,1
sichuan,1
resolutions,1
properly,1
cheaper-yet-efficient,1
spokesperson,1
711–,1
spreads,1
10419/235962,1
broadcasts,1
aims,1
cex,1
ahead,1
vol.lxxii,1
$500,1
bigger,1
suex,1
incentives,1
lives,1
lebanon,1
d'ivoire,1
refusing,1
enjoyed,1
uk—the,1
2379-5980,1
savings,1
year-old,1
megawatts,1
looks,1
implicating,1
pools,1
61,1
pvpps,1
crippen,1
1558-2515,1
administrators,1
ecdsa,1
demurrage,1
portuguese,1
obtained,1
burundi,1
978-1475706048,1
contacts,1
glossary,1
provisions,1
literature,1
594,1
park,1
criticised,1
fantasies,1
sell,1
systematic,1
goldfeder,1
informatics,1
terraform,1
alert,1
outlawed,1
introduce,1
populism,1
represent,1
expose,1
vicky,1
onecoin,1
9781119885368,1
lasse,1
scathing,1
hassle,1
gain,1
representation,1
bet,1
highly,1
www.weidai.com,1
taken,1
haunt,1
18.1%,1
douglas,1
sorts,1
happening,1
split,1
169,1
functionality,1
reversal,1
advisors,1
ignore,1
revised,1
currently,1
pointer,1
cashbank,1
announcement,1
solinas,1
$8.6,1
annunziata,1
moves,1
computational,1
greece,1
keygen,1
$250,1
can't,1
what's,1
friendly,1
https://en.wikipedia.org/w/index.php?title=cryptocurrency&oldid=1341488350,1
cnet,1
finally,1
matsumoto,1
ezra,1
tokenization,1
solve,1
flags,1
strengthens,1
2363-7005,1
amd's,1
saying,1
eesti,1
morgen,1
hot,1
standardized,1
factor,1
beneficiaries,1
hedging,1
foteinis,1
arnott,1
zarko,1
quest,1
clausus,1
wellink,1
existence,1
slide,1
alteration,1
steffen,1
zazaki,1
pawthereum,1
beware,1
willingness,1
randomx-based,1
statistics,1
subreddits,1
kharpal,1
agustín,1
155106629,1
cuba's,1
version,1
tiktok,1
"2,000",1
10.5937/ekonomika1903065j,1
peer-reviewed,1
hebous,1
players,1
wants,1
vulnerable,1
enticed,1
iban,1
evans,1
strictly,1
voiceverse,1
legkodymov,1
justina,1
soar,1
2019joule...3..893d,1
directive,1
allowing,1
risky,1
compound,1
presentation,1
tenable,1
text,1
brought,1
communications,1
igor,1
generation,1
pleaded,1
bencic,1
adhering,1
one-third,1
edited,1
dash,1
materials,1
morton,1
chair,1
armstrong,1
computerized,1
raising,1
th/s,1
differently,1
mirage,1
prohibition,1
